{
	"emcd": 0.04744296,
	"ledger": 0.149888,
	"bybit": 0.00666392
}