{
	"emcd": 0.04681487,
	"ledger": 0.149888,
	"bybit": 0.00666392
}