{
	"emcd": 0.04621267,
	"ledger": 0.149888,
	"bybit": 0.00666392
}