{
	"emcd": 0.0437553,
	"ledger": 0.149888,
	"bybit": 0.00667405
}