{
	"emcd": 0.04413639,
	"ledger": 0.149888,
	"bybit": 0.00667405
}