{
	"btcUSD": 52000,
	"rubUSD": 92.6,
	"emcd": 0.04514087,
	"ledger": 0.149888,
	"bybit": 0.00673945
}