{
	"emcd": 0.04497955,
	"ledger": 0.149888,
	"bybit": 0.00666392
}